"ntree","mtry","Accuracy"
10,9,0.90561797752809
10,29,0.934831460674157
10,49,0.914606741573034
100,9,0.941573033707865
100,29,0.941573033707865
100,49,0.941573033707865
250,9,0.937078651685393
250,29,0.950561797752809
250,49,0.937078651685393
500,9,0.941573033707865
500,29,0.948314606741573
500,49,0.943820224719101
