"ntree","mtry","Accuracy"
10,10,0.910112359550562
10,30,0.925842696629213
10,50,0.912359550561798
100,10,0.948314606741573
100,30,0.955056179775281
100,50,0.961797752808989
250,10,0.934831460674157
250,30,0.955056179775281
250,50,0.957303370786517
500,10,0.950561797752809
500,30,0.959550561797753
500,50,0.959550561797753
